model,metric,repeat,fold,score
count,roc_auc,1,1,0.9235689455388181
count,roc_auc,1,2,0.9175388180764774
count,roc_auc,1,3,0.9171494785631518
count,roc_auc,1,4,0.9196485519638384
count,roc_auc,1,5,0.9150487238979119
count,roc_auc,2,1,0.9113696407879489
count,roc_auc,2,2,0.9131170336037079
count,roc_auc,2,3,0.9370243337195828
count,roc_auc,2,4,0.9175039979293962
count,roc_auc,2,5,0.9183433874709976
count,roc_auc,3,1,0.9260254924681343
count,roc_auc,3,2,0.9244774044032444
count,roc_auc,3,3,0.9238887601390499
count,roc_auc,3,4,0.9151930560819368
count,roc_auc,3,5,0.909921113689095
count,roc_auc,4,1,0.8988690614136732
count,roc_auc,4,2,0.9308088064889919
count,roc_auc,4,3,0.9310451911935109
count,roc_auc,4,4,0.9201384716354998
count,roc_auc,4,5,0.9216473317865428
count,roc_auc,5,1,0.908630359212051
count,roc_auc,5,2,0.9133024333719584
count,roc_auc,5,3,0.9379559675550406
count,roc_auc,5,4,0.9250330464684186
count,roc_auc,5,5,0.9146728538283062
count,f1,1,1,0.7682672233820459
count,f1,1,2,0.7580645161290323
count,f1,1,3,0.7736625514403292
count,f1,1,4,0.8
count,f1,1,5,0.775
count,f1,2,1,0.7346072186836518
count,f1,2,2,0.7622950819672131
count,f1,2,3,0.8215767634854771
count,f1,2,4,0.7836734693877551
count,f1,2,5,0.7682926829268293
count,f1,3,1,0.7682672233820459
count,f1,3,2,0.7761806981519507
count,f1,3,3,0.7934560327198364
count,f1,3,4,0.7701863354037267
count,f1,3,5,0.7663934426229508
count,f1,4,1,0.7379454926624738
count,f1,4,2,0.8016194331983806
count,f1,4,3,0.7975460122699386
count,f1,4,4,0.7575150300601202
count,f1,4,5,0.7933884297520661
count,f1,5,1,0.7679671457905544
count,f1,5,2,0.7634854771784232
count,f1,5,3,0.8023715415019763
count,f1,5,4,0.7714285714285715
count,f1,5,5,0.7982832618025751
percap,roc_auc,1,1,0.8019428768362555
percap,roc_auc,1,2,0.826541162279757
percap,roc_auc,1,3,0.8239305561538793
percap,roc_auc,1,4,0.8190307968678819
percap,roc_auc,1,5,0.8411314114176286
percap,roc_auc,2,1,0.842700211088614
percap,roc_auc,2,2,0.8137681471589195
percap,roc_auc,2,3,0.8216430448455607
percap,roc_auc,2,4,0.8268997705061756
percap,roc_auc,2,5,0.8182116177561548
percap,roc_auc,3,1,0.8015723947787878
percap,roc_auc,3,2,0.8290914573730238
percap,roc_auc,3,3,0.8297893421789514
percap,roc_auc,3,4,0.8265430666219713
percap,roc_auc,3,5,0.8261994720770147
percap,roc_auc,4,1,0.8448455606772068
percap,roc_auc,4,2,0.8186748804549175
percap,roc_auc,4,3,0.7887089131090336
percap,roc_auc,4,4,0.7950671720687966
percap,roc_auc,4,5,0.8678726083881098
percap,roc_auc,5,1,0.813087494076595
percap,roc_auc,5,2,0.8158101064058931
percap,roc_auc,5,3,0.8106879765648559
percap,roc_auc,5,4,0.8499866773248068
percap,roc_auc,5,5,0.8373229473974777
percap,f1,1,1,0.555765595463138
percap,f1,1,2,0.6162162162162163
percap,f1,1,3,0.6174242424242424
percap,f1,1,4,0.5963636363636363
percap,f1,1,5,0.6323268206039077
percap,f1,2,1,0.6346863468634686
percap,f1,2,2,0.5842293906810035
percap,f1,2,3,0.5930018416206262
percap,f1,2,4,0.6060606060606061
percap,f1,2,5,0.6101694915254238
percap,f1,3,1,0.5814814814814815
percap,f1,3,2,0.6238532110091743
percap,f1,3,3,0.599250936329588
percap,f1,3,4,0.594392523364486
percap,f1,3,5,0.6225402504472272
percap,f1,4,1,0.6445672191528545
percap,f1,4,2,0.58195211786372
percap,f1,4,3,0.5471349353049908
percap,f1,4,4,0.5944954128440367
percap,f1,4,5,0.6419294990723562
percap,f1,5,1,0.6058252427184466
percap,f1,5,2,0.5822784810126582
percap,f1,5,3,0.5921787709497207
percap,f1,5,4,0.6205673758865248
percap,f1,5,5,0.6025878003696857
presence,roc_auc,1,1,0.8214882462371047
presence,roc_auc,1,2,0.8408760358532048
presence,roc_auc,1,3,0.8444096712923221
presence,roc_auc,1,4,0.8783855944519173
presence,roc_auc,1,5,0.8611167567714049
presence,roc_auc,2,1,0.8608219178082192
presence,roc_auc,2,2,0.8404058853373921
presence,roc_auc,2,3,0.8435951684094549
presence,roc_auc,2,4,0.8520342293991605
presence,roc_auc,2,5,0.8529226454209178
presence,roc_auc,3,1,0.8547606967698294
presence,roc_auc,3,2,0.8479688821241332
presence,roc_auc,3,3,0.8416417133625789
presence,roc_auc,3,4,0.875817037642876
presence,roc_auc,3,5,0.8253424657534247
presence,roc_auc,4,1,0.8469203450025369
presence,roc_auc,4,2,0.8443125317097919
presence,roc_auc,4,3,0.8683682228966562
presence,roc_auc,4,4,0.8377145251887551
presence,roc_auc,4,5,0.84668306166416
presence,roc_auc,5,1,0.8715778792491122
presence,roc_auc,5,2,0.8543006933874513
presence,roc_auc,5,3,0.8337839573349195
presence,roc_auc,5,4,0.8431558100079085
presence,roc_auc,5,5,0.8459818706556644
presence,f1,1,1,0.6875753920386007
presence,f1,1,2,0.7195121951219512
presence,f1,1,3,0.709838107098381
presence,f1,1,4,0.7493857493857494
presence,f1,1,5,0.738498789346247
presence,f1,2,1,0.7344497607655502
presence,f1,2,2,0.6896551724137931
presence,f1,2,3,0.718192627824019
presence,f1,2,4,0.7236679058240396
presence,f1,2,5,0.7406483790523691
presence,f1,3,1,0.7373493975903614
presence,f1,3,2,0.7048567870485679
presence,f1,3,3,0.7142857142857143
presence,f1,3,4,0.7485101311084624
presence,f1,3,5,0.6970443349753694
presence,f1,4,1,0.7252475247524752
presence,f1,4,2,0.7228327228327228
presence,f1,4,3,0.7274909963985594
presence,f1,4,4,0.7156862745098039
presence,f1,4,5,0.7035670356703567
presence,f1,5,1,0.7234567901234568
presence,f1,5,2,0.7358262967430639
presence,f1,5,3,0.7215496368038741
presence,f1,5,4,0.7132530120481928
presence,f1,5,5,0.7042606516290727
slp,roc_auc,1,1,0.803519579545944
slp,roc_auc,1,2,0.8292896221944601
slp,roc_auc,1,3,0.7847012712410717
slp,roc_auc,1,4,0.785629560867435
slp,roc_auc,1,5,0.791190069527112
slp,roc_auc,2,1,0.8018825658036445
slp,roc_auc,2,2,0.801404385473657
slp,roc_auc,2,3,0.8071607230344756
slp,roc_auc,2,4,0.7929054605777743
slp,roc_auc,2,5,0.7925141900867796
slp,roc_auc,3,1,0.7897040451471159
slp,roc_auc,3,2,0.798044199371042
slp,roc_auc,3,3,0.7994550596082273
slp,roc_auc,3,4,0.8105042847442476
slp,roc_auc,3,5,0.788701412970343
slp,roc_auc,4,1,0.8005988023952096
slp,roc_auc,4,2,0.7957308404773188
slp,roc_auc,4,3,0.7902237349905022
slp,roc_auc,4,4,0.7927335550914107
slp,roc_auc,4,5,0.8141141762848714
slp,roc_auc,5,1,0.8159393443329169
slp,roc_auc,5,2,0.7931762374531514
slp,roc_auc,5,3,0.7897595901773206
slp,roc_auc,5,4,0.7982818046637958
slp,roc_auc,5,5,0.7943213774304296
slp,f1,1,1,0.5638148667601683
slp,f1,1,2,0.5844504021447721
slp,f1,1,3,0.5399449035812672
slp,f1,1,4,0.5527065527065527
slp,f1,1,5,0.5397260273972603
slp,f1,2,1,0.5512649800266312
slp,f1,2,2,0.564673157162726
slp,f1,2,3,0.5613540197461213
slp,f1,2,4,0.5449515905947441
slp,f1,2,5,0.5638888888888889
slp,f1,3,1,0.5388888888888889
slp,f1,3,2,0.5547850208044383
slp,f1,3,3,0.5594594594594594
slp,f1,3,4,0.5694249649368864
slp,f1,3,5,0.5553997194950911
slp,f1,4,1,0.5633423180592992
slp,f1,4,2,0.5523809523809524
slp,f1,4,3,0.5414965986394558
slp,f1,4,4,0.5541490857946554
slp,f1,4,5,0.5780346820809249
slp,f1,5,1,0.5872576177285319
slp,f1,5,2,0.5508021390374331
slp,f1,5,3,0.5398601398601398
slp,f1,5,4,0.5418994413407822
slp,f1,5,5,0.5594405594405595
